year,property_id,quarter_mapi,geomid_s,setl_name,rental_price,listings_amount,red_flag
2022,12,3,,,,6,False
2022,12,9,,,,4,False
2022,12,12,,,,5,False
2023,12,3,,,,9,False
2023,12,6,,,70.82268335529204,13,False
2023,12,9,,,73.10746268170105,22,False
2023,12,12,,,79.88922678536295,24,False
2024,12,3,,,75.31235088348704,23,False
2024,12,6,,,80.68421941350775,23,False
2024,12,9,,,81.17395373555347,32,False
2024,12,12,,,82.11407073380546,42,False
2025,12,3,,,81.81982413920527,56,False
2025,12,6,,,77.95614550944713,60,False
2025,12,9,,,85.29259544930903,55,False
2025,12,12,,,81.1992037760746,63,False
2026,12,3,,,82.07949620863776,87,False
2022,12,9,s_182,אבן יהודה,,1,False
2023,12,3,s_182,אבן יהודה,,3,False
2023,12,12,s_182,אבן יהודה,,4,False
2024,12,6,s_182,אבן יהודה,,3,False
2025,12,3,s_182,אבן יהודה,,2,False
2025,12,12,s_182,אבן יהודה,,3,False
2026,12,3,s_182,אבן יהודה,,3,False
2022,12,3,s_2400,אור יהודה,48.46280810907359,13,False
2022,12,6,s_2400,אור יהודה,68.98046476012809,13,True
2022,12,9,s_2400,אור יהודה,54.646704076367385,14,False
2023,12,3,s_2400,אור יהודה,,8,False
2023,12,6,s_2400,אור יהודה,61.04999651849376,10,False
2023,12,9,s_2400,אור יהודה,,9,False
2023,12,12,s_2400,אור יהודה,74.48317588776929,11,False
2024,12,3,s_2400,אור יהודה,54.8434652919925,12,True
2024,12,6,s_2400,אור יהודה,62.36910953260687,12,False
2024,12,9,s_2400,אור יהודה,60.11221382783883,13,False
2024,12,12,s_2400,אור יהודה,51.31221382783883,13,False
2025,12,3,s_2400,אור יהודה,58.088967331118496,13,False
2025,12,9,s_2400,אור יהודה,,9,False
2025,12,12,s_2400,אור יהודה,49.4836448954371,10,False
2026,12,3,s_2400,אור יהודה,45.7383712905452,13,False
2022,12,12,s_1020,אור עקיבא,,1,False
2023,12,3,s_1020,אור עקיבא,,2,False
2023,12,6,s_1020,אור עקיבא,,3,False
2024,12,9,s_1020,אור עקיבא,,1,False
2025,12,6,s_1020,אור עקיבא,,2,False
2025,12,12,s_1020,אור עקיבא,,3,False
2022,12,3,s_565,אזור,,7,False
2022,12,6,s_565,אזור,,8,False
2022,12,9,s_565,אזור,74.1468917555874,10,False
2023,12,3,s_565,אזור,57.68015873015873,11,False
2023,12,6,s_565,אזור,63.661526814769395,16,False
2023,12,9,s_565,אזור,68.40701935146419,15,False
2023,12,12,s_565,אזור,67.49035268479753,20,False
2024,12,3,s_565,אזור,64.56363158946284,19,False
2024,12,6,s_565,אזור,64.9923336406663,13,False
2024,12,9,s_565,אזור,70.47566697399964,13,False
2024,12,12,s_565,אזור,60.12842432694082,12,False
2025,12,3,s_565,אזור,58.15226715686275,10,False
2025,12,6,s_565,אזור,57.39489754235027,16,False
2025,12,12,s_565,אזור,51.27542517006802,17,False
2026,12,3,s_565,אזור,56.98754657228017,18,False
2024,12,3,s_1724,אזור תעסוקה משגב( תרדיון),,2,False
2024,12,9,s_1724,אזור תעסוקה משגב( תרדיון),,4,False
2024,12,12,s_1724,אזור תעסוקה משגב( תרדיון),,5,False
2025,12,3,s_1724,אזור תעסוקה משגב( תרדיון),,4,False
2022,12,3,s_2600,אילת,,1,False
2022,12,9,s_2600,אילת,,2,False
2022,12,12,s_2600,אילת,,5,False
2023,12,3,s_2600,אילת,,7,False
2023,12,6,s_2600,אילת,,8,False
2023,12,9,s_2600,אילת,,9,False
2023,12,12,s_2600,אילת,,7,False
2024,12,9,s_2600,אילת,,2,False
2024,12,12,s_2600,אילת,,3,False
2025,12,3,s_2600,אילת,,5,False
2025,12,6,s_2600,אילת,,8,False
2025,12,12,s_2600,אילת,,7,False
2026,12,3,s_2600,אילת,88.77564102564102,10,False
2022,12,3,s_70,אשדוד,65.43424745517379,48,False
2022,12,6,s_70,אשדוד,66.01475332464204,54,False
2022,12,9,s_70,אשדוד,66.75653246333904,75,False
2022,12,12,s_70,אשדוד,67.82270460985296,69,False
2023,12,3,s_70,אשדוד,64.64612702466985,98,False
2023,12,6,s_70,אשדוד,70.27389981101844,103,False
2023,12,9,s_70,אשדוד,68.54692259830966,87,False
2023,12,12,s_70,אשדוד,68.33062699405848,91,False
2024,12,3,s_70,אשדוד,65.17676868443985,69,False
2024,12,6,s_70,אשדוד,65.88090211755555,70,False
2024,12,9,s_70,אשדוד,60.70827665785965,69,False
2024,12,12,s_70,אשדוד,65.14543697366038,73,False
2025,12,3,s_70,אשדוד,63.3910942668876,63,False
2025,12,6,s_70,אשדוד,70.09411547878562,54,False
2025,12,9,s_70,אשדוד,68.4260679472308,66,False
2025,12,12,s_70,אשדוד,69.20140592212033,88,False
2026,12,3,s_70,אשדוד,69.15086366859329,116,False
2022,12,3,s_7100,אשקלון,69.1369783907321,15,False
2022,12,6,s_7100,אשקלון,59.178494766948674,15,False
2022,12,9,s_7100,אשקלון,63.06377900311803,16,False
2022,12,12,s_7100,אשקלון,54.7047473671867,18,False
2023,12,3,s_7100,אשקלון,57.2178344353422,25,False
2023,12,6,s_7100,אשקלון,55.32519026761982,23,False
2023,12,9,s_7100,אשקלון,57.17907985837098,22,False
2023,12,12,s_7100,אשקלון,61.812133539868924,30,False
2024,12,3,s_7100,אשקלון,69.70477359788356,30,False
2024,12,9,s_7100,אשקלון,61.915418374839156,28,False
2024,12,12,s_7100,אשקלון,67.29819575413718,24,False
2025,12,3,s_7100,אשקלון,66.04720143127462,28,False
2025,12,6,s_7100,אשקלון,54.293499216106746,32,False
2025,12,9,s_7100,אשקלון,61.5682984172568,30,False
2025,12,12,s_7100,אשקלון,57.52292733066916,26,False
2026,12,3,s_7100,אשקלון,61.16400825678714,36,False
2022,12,3,s_9000,באר שבע,62.62158984359304,34,False
2022,12,6,s_9000,באר שבע,66.9857008131538,36,False
2022,12,9,s_9000,באר שבע,65.64729222436056,49,False
2022,12,12,s_9000,באר שבע,59.1214420737535,40,False
2023,12,3,s_9000,באר שבע,60.12504230087682,52,False
2023,12,6,s_9000,באר שבע,64.84904391051191,48,False
2023,12,9,s_9000,באר שבע,66.67605973529736,42,False
2023,12,12,s_9000,באר שבע,59.86653370208081,53,False
2024,12,3,s_9000,באר שבע,57.89746910613944,42,False
2024,12,6,s_9000,באר שבע,63.10681546899838,40,False
2024,12,9,s_9000,באר שבע,59.00496514339806,36,False
2024,12,12,s_9000,באר שבע,55.83009301006894,27,False
2025,12,3,s_9000,באר שבע,55.326581719736765,25,False
2025,12,6,s_9000,באר שבע,57.32996618063732,30,False
2025,12,9,s_9000,באר שבע,57.860270105658856,35,False
2025,12,12,s_9000,באר שבע,57.672535300671,44,False
2026,12,3,s_9000,באר שבע,59.756384616961014,59,False
2022,12,3,s_2610,בית שמש,,5,False
2022,12,6,s_2610,בית שמש,,5,False
2022,12,9,s_2610,בית שמש,,6,False
2023,12,3,s_2610,בית שמש,,6,False
2023,12,6,s_2610,בית שמש,,7,False
2023,12,9,s_2610,בית שמש,,7,False
2023,12,12,s_2610,בית שמש,57.76443001443002,10,False
2024,12,3,s_2610,בית שמש,,9,False
2024,12,6,s_2610,בית שמש,,8,False
2024,12,12,s_2610,בית שמש,,4,False
2025,12,3,s_2610,בית שמש,,3,False
2025,12,6,s_2610,בית שמש,,4,False
2025,12,12,s_2610,בית שמש,,4,False
2026,12,3,s_2610,בית שמש,,6,False
2022,12,3,s_6100,בני ברק,61.4035968766046,159,False
2022,12,6,s_6100,בני ברק,62.80071736710258,148,False
2022,12,9,s_6100,בני ברק,66.41584184209061,188,False
2022,12,12,s_6100,בני ברק,68.20145495956736,179,False
2023,12,3,s_6100,בני ברק,70.39007646269035,194,False
2023,12,6,s_6100,בני ברק,72.02323143228817,216,False
2023,12,9,s_6100,בני ברק,68.15040229785188,225,False
2023,12,12,s_6100,בני ברק,70.27281353537575,270,False
2024,12,3,s_6100,בני ברק,67.70594006939868,252,False
2024,12,6,s_6100,בני ברק,64.91192090611958,267,False
2024,12,9,s_6100,בני ברק,65.19612471542396,254,False
2024,12,12,s_6100,בני ברק,62.98293706563167,252,False
2025,12,3,s_6100,בני ברק,62.83087808396722,325,False
2025,12,6,s_6100,בני ברק,64.50940240041388,344,False
2025,12,9,s_6100,בני ברק,64.25717750576936,345,False
2025,12,12,s_6100,בני ברק,65.49518170691655,373,False
2026,12,3,s_6100,בני ברק,66.37325449214639,399,False
2023,12,9,s_448,בני עטרות,,1,False
2024,12,3,s_448,בני עטרות,,2,False
2024,12,9,s_448,בני עטרות,,2,False
2024,12,12,s_448,בני עטרות,,4,False
2025,12,3,s_448,בני עטרות,,5,False
2025,12,9,s_448,בני עטרות,,5,False
2025,12,12,s_448,בני עטרות,,5,False
2026,12,3,s_448,בני עטרות,,4,False
2022,12,3,s_9800,בנימינה-גבעת עדה,,6,False
2022,12,9,s_9800,בנימינה-גבעת עדה,,5,False
2022,12,12,s_9800,בנימינה-גבעת עדה,,4,False
2023,12,9,s_9800,בנימינה-גבעת עדה,,3,False
2024,12,12,s_9800,בנימינה-גבעת עדה,,2,False
2025,12,6,s_9800,בנימינה-גבעת עדה,,6,False
2025,12,9,s_9800,בנימינה-גבעת עדה,,8,False
2025,12,12,s_9800,בנימינה-גבעת עדה,68.98180571842451,10,False
2026,12,3,s_9800,בנימינה-גבעת עדה,59.86679916534456,11,False
2022,12,3,s_6200,בת ים,71.76671264714832,25,False
2022,12,6,s_6200,בת ים,71.17753380698265,27,False
2022,12,9,s_6200,בת ים,72.31470438413143,28,False
2022,12,12,s_6200,בת ים,81.71440218165036,23,False
2023,12,3,s_6200,בת ים,89.80826261611202,26,False
2023,12,6,s_6200,בת ים,77.81223041853463,27,False
2023,12,9,s_6200,בת ים,80.48446113142005,22,False
2023,12,12,s_6200,בת ים,77.49500897123161,22,False
2024,12,3,s_6200,בת ים,74.48497749331905,26,False
2024,12,6,s_6200,בת ים,81.27134773868664,30,False
2024,12,9,s_6200,בת ים,77.72852882416166,31,False
2024,12,12,s_6200,בת ים,74.95610780322974,37,False
2025,12,3,s_6200,בת ים,81.47712559208414,36,False
2025,12,6,s_6200,בת ים,75.37789582164783,32,False
2025,12,9,s_6200,בת ים,74.44098087698136,34,False
2025,12,12,s_6200,בת ים,82.11585659478715,34,False
2026,12,3,s_6200,בת ים,78.60782657057757,36,False
2022,12,3,s_681,גבעת שמואל,,6,False
2022,12,9,s_681,גבעת שמואל,,4,False
2023,12,3,s_681,גבעת שמואל,,9,False
2023,12,6,s_681,גבעת שמואל,53.46875,10,False
2023,12,9,s_681,גבעת שמואל,60.44683219178082,11,False
2023,12,12,s_681,גבעת שמואל,62.586031348788204,16,False
2024,12,3,s_681,גבעת שמואל,61.49238098033945,11,False
2024,12,6,s_681,גבעת שמואל,71.41019972073883,12,False
2025,12,3,s_681,גבעת שמואל,,4,False
2025,12,6,s_681,גבעת שמואל,,3,False
2025,12,9,s_681,גבעת שמואל,,5,False
2025,12,12,s_681,גבעת שמואל,,6,False
2026,12,3,s_681,גבעת שמואל,,6,False
2022,12,3,s_6300,גבעתיים,75.95902088107971,18,False
2022,12,6,s_6300,גבעתיים,82.3778157843092,15,False
2022,12,9,s_6300,גבעתיים,85.84298152082198,16,False
2022,12,12,s_6300,גבעתיים,87.74060056844102,16,False
2023,12,3,s_6300,גבעתיים,94.20815213452201,13,False
2023,12,6,s_6300,גבעתיים,89.24475563909775,12,False
2023,12,9,s_6300,גבעתיים,92.91323644572202,15,False
2023,12,12,s_6300,גבעתיים,79.16136548563189,16,False
2024,12,3,s_6300,גבעתיים,80.01886548563188,24,False
2024,12,6,s_6300,גבעתיים,82.86549057107277,23,False
2024,12,9,s_6300,גבעתיים,80.37517386691462,23,False
2024,12,12,s_6300,גבעתיים,90.57595821140049,27,False
2025,12,3,s_6300,גבעתיים,94.89257042194129,18,False
2025,12,6,s_6300,גבעתיים,87.46703735571673,19,False
2025,12,9,s_6300,גבעתיים,95.48281150629175,24,False
2025,12,12,s_6300,גבעתיים,87.8524317938007,27,False
2026,12,3,s_6300,גבעתיים,87.60483881633951,43,False
2022,12,3,s_229,גני תקווה,,2,False
2023,12,3,s_229,גני תקווה,,1,False
2023,12,6,s_229,גני תקווה,,2,False
2024,12,3,s_229,גני תקווה,,2,False
2024,12,9,s_229,גני תקווה,,2,False
2024,12,12,s_229,גני תקווה,,3,False
2025,12,3,s_229,גני תקווה,,3,False
2022,12,3,s_9700,הוד השרון,70.92281798447213,31,False
2022,12,6,s_9700,הוד השרון,67.19955222147952,30,False
2022,12,9,s_9700,הוד השרון,78.1793508759757,36,False
2022,12,12,s_9700,הוד השרון,75.80249290317838,39,False
2023,12,3,s_9700,הוד השרון,78.938787840297,42,False
2023,12,6,s_9700,הוד השרון,89.30141365046616,47,False
2023,12,9,s_9700,הוד השרון,79.1925831113518,52,False
2023,12,12,s_9700,הוד השרון,80.43120767744583,64,False
2024,12,3,s_9700,הוד השרון,77.36073380966849,61,False
2024,12,6,s_9700,הוד השרון,84.78277176895706,56,False
2024,12,9,s_9700,הוד השרון,77.7831674055503,47,False
2024,12,12,s_9700,הוד השרון,74.9437942575876,51,False
2025,12,3,s_9700,הוד השרון,74.13668407512799,45,False
2025,12,6,s_9700,הוד השרון,74.91071835178228,55,False
2025,12,9,s_9700,הוד השרון,76.74482291145917,60,False
2025,12,12,s_9700,הוד השרון,75.2725402869091,74,False
2026,12,3,s_9700,הוד השרון,77.01585070803847,94,False
2022,12,3,s_6400,הרצלייה,72.27779405077294,103,False
2022,12,6,s_6400,הרצלייה,79.06015100853264,86,False
2022,12,9,s_6400,הרצלייה,81.75596532962197,82,False
2022,12,12,s_6400,הרצלייה,92.90790654174653,70,False
2023,12,3,s_6400,הרצלייה,85.67912965120183,85,False
2023,12,6,s_6400,הרצלייה,85.13637348285441,109,False
2023,12,9,s_6400,הרצלייה,84.36756768273027,127,False
2023,12,12,s_6400,הרצלייה,82.87167745143913,140,False
2024,12,3,s_6400,הרצלייה,79.84844089499748,125,False
2024,12,6,s_6400,הרצלייה,87.02074036631394,83,False
2024,12,9,s_6400,הרצלייה,89.87335688855086,69,False
2024,12,12,s_6400,הרצלייה,87.04675635475226,87,False
2025,12,3,s_6400,הרצלייה,89.08879491511964,84,False
2025,12,6,s_6400,הרצלייה,86.24914974887017,146,False
2025,12,9,s_6400,הרצלייה,84.00265415798306,172,False
2025,12,12,s_6400,הרצלייה,82.13554324915448,195,False
2026,12,3,s_6400,הרצלייה,83.79732243899139,216,False
2022,12,12,s_9300,זכרון יעקב,,4,False
2023,12,3,s_9300,זכרון יעקב,98.33333333333334,10,False
2023,12,9,s_9300,זכרון יעקב,72.48366013071896,11,True
2023,12,12,s_9300,זכרון יעקב,,8,False
2024,12,6,s_9300,זכרון יעקב,,4,False
2024,12,9,s_9300,זכרון יעקב,,7,False
2025,12,3,s_9300,זכרון יעקב,,8,False
2025,12,6,s_9300,זכרון יעקב,,7,False
2025,12,12,s_9300,זכרון יעקב,,4,False
2022,12,3,s_6500,חדרה,53.27987404799612,26,False
2022,12,6,s_6500,חדרה,54.238988210107806,27,False
2022,12,9,s_6500,חדרה,56.44629414814946,39,False
2022,12,12,s_6500,חדרה,55.47585305870766,29,False
2023,12,3,s_6500,חדרה,55.65600576793534,36,False
2023,12,6,s_6500,חדרה,51.77481235621326,36,False
2023,12,9,s_6500,חדרה,53.42097097205208,44,False
2023,12,12,s_6500,חדרה,55.38496570696939,51,False
2024,12,3,s_6500,חדרה,48.506018899543605,50,False
2024,12,6,s_6500,חדרה,52.46926364325469,48,False
2024,12,9,s_6500,חדרה,59.21740625867495,36,False
2024,12,12,s_6500,חדרה,58.66739493442987,30,False
2025,12,3,s_6500,חדרה,59.615774096760944,28,False
2025,12,6,s_6500,חדרה,57.47305161562312,36,False
2025,12,9,s_6500,חדרה,64.57797402559305,35,False
2025,12,12,s_6500,חדרה,61.14731521310268,40,False
2026,12,3,s_6500,חדרה,58.484589550614466,38,False
2022,12,3,s_6600,חולון,82.8927879620562,29,False
2022,12,6,s_6600,חולון,79.35608878304336,30,False
2022,12,9,s_6600,חולון,78.72465376758284,32,False
2022,12,12,s_6600,חולון,75.88466454112302,35,False
2023,12,3,s_6600,חולון,77.62113019358826,52,False
2023,12,6,s_6600,חולון,77.62492768686172,61,False
2023,12,9,s_6600,חולון,71.65450054681838,62,False
2023,12,12,s_6600,חולון,84.28943515008825,64,False
2024,12,3,s_6600,חולון,77.83620649849132,62,False
2024,12,6,s_6600,חולון,76.55756463433852,55,False
2024,12,9,s_6600,חולון,75.09881527798927,55,False
2024,12,12,s_6600,חולון,78.97738218067805,52,False
2025,12,3,s_6600,חולון,77.90616292414215,39,False
2025,12,6,s_6600,חולון,75.66197261664908,39,False
2025,12,9,s_6600,חולון,79.16458394890202,34,False
2025,12,12,s_6600,חולון,78.61719647974036,33,False
2026,12,3,s_6600,חולון,78.17823333748451,54,False
2022,12,3,s_4000,חיפה,52.315910669808005,124,False
2022,12,6,s_4000,חיפה,54.30151541654369,143,False
2022,12,9,s_4000,חיפה,52.88648834831979,164,False
2022,12,12,s_4000,חיפה,53.71743466916052,153,False
2023,12,3,s_4000,חיפה,54.93060122261131,205,False
2023,12,6,s_4000,חיפה,57.904843075756354,209,False
2023,12,9,s_4000,חיפה,58.54239105533864,200,False
2023,12,12,s_4000,חיפה,56.90823511276484,198,False
2024,12,3,s_4000,חיפה,57.76512255391292,173,False
2024,12,6,s_4000,חיפה,57.1166874353278,148,False
2024,12,9,s_4000,חיפה,56.541125087562705,146,False
2024,12,12,s_4000,חיפה,61.78439434295025,139,False
2025,12,3,s_4000,חיפה,57.339114192376066,110,False
2025,12,6,s_4000,חיפה,59.54209748235425,115,False
2025,12,9,s_4000,חיפה,58.1628172250168,99,False
2025,12,12,s_4000,חיפה,58.100361916088296,126,False
2026,12,3,s_4000,חיפה,60.364688144603264,186,False
2023,12,3,s_6700,טבריה,,1,False
2023,12,9,s_6700,טבריה,,2,False
2023,12,12,s_6700,טבריה,,3,False
2024,12,3,s_6700,טבריה,,4,False
2024,12,9,s_6700,טבריה,,4,False
2024,12,12,s_6700,טבריה,,5,False
2025,12,12,s_6700,טבריה,,2,False
2026,12,3,s_6700,טבריה,,5,False
2022,12,6,s_2100,טירת כרמל,,3,False
2023,12,3,s_2100,טירת כרמל,,4,False
2023,12,6,s_2100,טירת כרמל,,9,False
2023,12,9,s_2100,טירת כרמל,45.571850541544784,13,False
2023,12,12,s_2100,טירת כרמל,43.94461171945455,15,False
2024,12,3,s_2100,טירת כרמל,45.18392201584449,15,False
2024,12,6,s_2100,טירת כרמל,50.962655031045394,13,False
2024,12,9,s_2100,טירת כרמל,80.07334591472777,10,True
2024,12,12,s_2100,טירת כרמל,,9,False
2025,12,3,s_2100,טירת כרמל,58.311324455361145,11,False
2025,12,6,s_2100,טירת כרמל,,9,False
2025,12,9,s_2100,טירת כרמל,,9,False
2026,12,3,s_2100,טירת כרמל,,9,False
2022,12,6,s_2660,יבנה,,3,False
2022,12,9,s_2660,יבנה,,4,False
2022,12,12,s_2660,יבנה,,4,False
2023,12,6,s_2660,יבנה,,4,False
2023,12,9,s_2660,יבנה,,3,False
2023,12,12,s_2660,יבנה,,3,False
2024,12,3,s_2660,יבנה,,6,False
2024,12,6,s_2660,יבנה,,7,False
2024,12,12,s_2660,יבנה,,6,False
2025,12,6,s_2660,יבנה,,3,False
2025,12,9,s_2660,יבנה,,5,False
2025,12,12,s_2660,יבנה,80.67901234567901,13,False
2026,12,3,s_2660,יבנה,81.41050264550265,18,False
2022,12,3,s_9400,יהוד-מונוסון,61.73661767498775,20,False
2022,12,6,s_9400,יהוד-מונוסון,60.001918184980035,16,False
2022,12,9,s_9400,יהוד-מונוסון,62.75609360514811,15,False
2022,12,12,s_9400,יהוד-מונוסון,55.39515516589576,14,False
2023,12,3,s_9400,יהוד-מונוסון,65.74167010073259,14,False
2023,12,6,s_9400,יהוד-מונוסון,69.03667847958427,19,False
2023,12,9,s_9400,יהוד-מונוסון,65.92424103881194,19,False
2023,12,12,s_9400,יהוד-מונוסון,66.3798958007167,17,False
2024,12,3,s_9400,יהוד-מונוסון,66.1549408131755,15,False
2024,12,6,s_9400,יהוד-מונוסון,62.04525862068965,11,False
2024,12,9,s_9400,יהוד-מונוסון,70.16212370005474,10,False
2024,12,12,s_9400,יהוד-מונוסון,70.56966338259441,13,False
2025,12,3,s_9400,יהוד-מונוסון,66.54380952380953,15,False
2025,12,9,s_9400,יהוד-מונוסון,83.51321021571022,16,True
2025,12,12,s_9400,יהוד-מונוסון,65.96155667773473,16,False
2026,12,3,s_9400,יהוד-מונוסון,60.794018708110436,14,False
2022,12,9,s_240,יקנעם עילית,,1,False
2022,12,12,s_240,יקנעם עילית,,3,False
2023,12,3,s_240,יקנעם עילית,,7,False
2023,12,9,s_240,יקנעם עילית,,7,False
2024,12,3,s_240,יקנעם עילית,,4,False
2024,12,6,s_240,יקנעם עילית,,5,False
2024,12,9,s_240,יקנעם עילית,,5,False
2025,12,3,s_240,יקנעם עילית,,5,False
2025,12,6,s_240,יקנעם עילית,,5,False
2025,12,9,s_240,יקנעם עילית,,6,False
2025,12,12,s_240,יקנעם עילית,,7,False
2026,12,3,s_240,יקנעם עילית,78.42289915966386,15,False
2022,12,3,s_3000,ירושלים,83.39694992995693,90,False
2022,12,6,s_3000,ירושלים,86.76901119420613,76,False
2022,12,9,s_3000,ירושלים,86.88585692940677,89,False
2022,12,12,s_3000,ירושלים,90.15696183596603,90,False
2023,12,3,s_3000,ירושלים,88.72197850685315,118,False
2023,12,6,s_3000,ירושלים,91.0214173880392,128,False
2023,12,9,s_3000,ירושלים,87.97226057084518,141,False
2023,12,12,s_3000,ירושלים,80.3053268883575,141,False
2024,12,3,s_3000,ירושלים,86.76988477869631,129,False
2024,12,6,s_3000,ירושלים,85.80862360888885,152,False
2024,12,9,s_3000,ירושלים,87.8778002205196,145,False
2024,12,12,s_3000,ירושלים,92.28264970887841,182,False
2025,12,3,s_3000,ירושלים,88.24885280518689,193,False
2025,12,6,s_3000,ירושלים,89.5346732344475,183,False
2025,12,9,s_3000,ירושלים,88.58303552780815,205,False
2025,12,12,s_3000,ירושלים,91.52858688343598,207,False
2026,12,3,s_3000,ירושלים,88.61822849177237,222,False
2022,12,3,s_1224,כוכב יאיר,,8,False
2022,12,9,s_1224,כוכב יאיר,,8,False
2024,12,12,s_1224,כוכב יאיר,,1,False
2022,12,3,s_316,כפר נטר,,4,False
2025,12,3,s_316,כפר נטר,,1,False
2022,12,3,s_6900,כפר סבא,63.311441557340814,37,False
2022,12,6,s_6900,כפר סבא,60.76005756413972,36,False
2022,12,9,s_6900,כפר סבא,67.71040243364158,44,False
2022,12,12,s_6900,כפר סבא,66.4876780037495,40,False
2023,12,3,s_6900,כפר סבא,66.62791105520509,61,False
2023,12,6,s_6900,כפר סבא,72.83021668646957,60,False
2023,12,9,s_6900,כפר סבא,70.30375403752525,54,False
2023,12,12,s_6900,כפר סבא,70.86684090420098,56,False
2024,12,3,s_6900,כפר סבא,70.07631177997602,33,False
2024,12,6,s_6900,כפר סבא,68.91455156787549,41,False
2024,12,9,s_6900,כפר סבא,67.60321092928177,46,False
2024,12,12,s_6900,כפר סבא,64.56153698154918,53,False
2025,12,3,s_6900,כפר סבא,69.64194709813898,49,False
2025,12,6,s_6900,כפר סבא,61.07818900051388,45,False
2025,12,9,s_6900,כפר סבא,68.00767665695464,48,False
2025,12,12,s_6900,כפר סבא,63.40144257525165,46,False
2026,12,3,s_6900,כפר סבא,72.6524705762987,58,False
2022,12,3,s_1139,כרמיאל,,4,False
2022,12,9,s_1139,כרמיאל,,7,False
2023,12,3,s_1139,כרמיאל,,8,False
2023,12,9,s_1139,כרמיאל,,8,False
2023,12,12,s_1139,כרמיאל,76.00300935862924,11,False
2024,12,3,s_1139,כרמיאל,,9,False
2024,12,6,s_1139,כרמיאל,62.746526485434536,14,False
2024,12,9,s_1139,כרמיאל,64.17105029495835,13,False
2024,12,12,s_1139,כרמיאל,58.54057364743393,16,False
2025,12,3,s_1139,כרמיאל,69.90829292489354,17,False
2025,12,6,s_1139,כרמיאל,63.816012705113316,25,False
2025,12,9,s_1139,כרמיאל,59.05903468313529,28,False
2025,12,12,s_1139,כרמיאל,64.46663461538462,25,False
2026,12,3,s_1139,כרמיאל,64.84447191697193,26,False
2022,12,3,s_7000,לוד,,6,False
2022,12,9,s_7000,לוד,,6,False
2023,12,3,s_7000,לוד,,6,False
2023,12,6,s_7000,לוד,,7,False
2023,12,9,s_7000,לוד,,7,False
2023,12,12,s_7000,לוד,,8,False
2024,12,3,s_7000,לוד,,8,False
2024,12,9,s_7000,לוד,,6,False
2025,12,3,s_7000,לוד,,4,False
2025,12,6,s_7000,לוד,,5,False
2025,12,9,s_7000,לוד,,5,False
2026,12,3,s_7000,לוד,50.96991341991341,10,False
2022,12,12,s_1015,מבשרת ציון,,1,False
2023,12,3,s_1015,מבשרת ציון,,2,False
2023,12,6,s_1015,מבשרת ציון,,3,False
2023,12,12,s_1015,מבשרת ציון,,3,False
2024,12,12,s_1015,מבשרת ציון,,2,False
2025,12,9,s_1015,מבשרת ציון,,3,False
2025,12,12,s_1015,מבשרת ציון,,2,False
2026,12,3,s_1015,מבשרת ציון,,3,False
2022,12,6,s_874,מגדל העמק,,1,False
2023,12,3,s_874,מגדל העמק,,2,False
2024,12,3,s_874,מגדל העמק,,2,False
2024,12,6,s_874,מגדל העמק,,3,False
2025,12,3,s_874,מגדל העמק,,3,False
2025,12,12,s_874,מגדל העמק,,3,False
2026,12,3,s_874,מגדל העמק,,2,False
2022,12,3,s_1200,מודיעין-מכבים-רעות,67.93126593630511,34,False
2022,12,6,s_1200,מודיעין-מכבים-רעות,69.72288594151208,32,False
2022,12,9,s_1200,מודיעין-מכבים-רעות,71.52758658996271,34,False
2022,12,12,s_1200,מודיעין-מכבים-רעות,68.74448060813549,30,False
2023,12,3,s_1200,מודיעין-מכבים-רעות,76.76711072325458,25,False
2023,12,6,s_1200,מודיעין-מכבים-רעות,79.34251629277404,29,False
2023,12,9,s_1200,מודיעין-מכבים-רעות,78.18616743459032,35,False
2023,12,12,s_1200,מודיעין-מכבים-רעות,71.31309664844613,34,False
2024,12,3,s_1200,מודיעין-מכבים-רעות,76.45820689147068,36,False
2024,12,6,s_1200,מודיעין-מכבים-רעות,81.00202893569725,43,False
2024,12,9,s_1200,מודיעין-מכבים-רעות,74.51650500732438,37,False
2024,12,12,s_1200,מודיעין-מכבים-רעות,80.1620810360762,47,False
2025,12,3,s_1200,מודיעין-מכבים-רעות,84.3965087631912,48,False
2025,12,6,s_1200,מודיעין-מכבים-רעות,84.60477454765021,49,False
2025,12,9,s_1200,מודיעין-מכבים-רעות,77.64268845271872,61,False
2025,12,12,s_1200,מודיעין-מכבים-רעות,79.63413974480284,66,False
2026,12,3,s_1200,מודיעין-מכבים-רעות,79.10641357156697,86,False
2023,12,3,s_606,מזור,,1,False
2023,12,9,s_606,מזור,,2,False
2025,12,9,s_606,מזור,,1,False
2025,12,12,s_606,מזור,,2,False
2026,12,3,s_606,מזור,,4,False
2022,12,9,s_3616,מעלה אדומים,,2,False
2024,12,3,s_3616,מעלה אדומים,,1,False
2024,12,9,s_3616,מעלה אדומים,,2,False
2024,12,12,s_3616,מעלה אדומים,,4,False
2025,12,3,s_3616,מעלה אדומים,,4,False
2022,12,12,s_1729,מפעלי חבל מודיעים,,1,False
2023,12,3,s_1729,מפעלי חבל מודיעים,,2,False
2023,12,6,s_1729,מפעלי חבל מודיעים,,3,False
2023,12,12,s_1729,מפעלי חבל מודיעים,,3,False
2024,12,3,s_1729,מפעלי חבל מודיעים,,3,False
2024,12,6,s_1729,מפעלי חבל מודיעים,,4,False
2024,12,12,s_1729,מפעלי חבל מודיעים,,5,False
2025,12,12,s_1729,מפעלי חבל מודיעים,,3,False
2022,12,3,s_9100,נהרייה,,6,False
2022,12,9,s_9100,נהרייה,,8,False
2023,12,3,s_9100,נהרייה,,9,False
2023,12,6,s_9100,נהרייה,56.50320399113082,10,False
2023,12,9,s_9100,נהרייה,56.90976471659004,12,False
2023,12,12,s_9100,נהרייה,65.09352474389846,13,False
2024,12,3,s_9100,נהרייה,66.07956370493743,10,False
2024,12,6,s_9100,נהרייה,52.05437497090723,11,False
2024,12,12,s_9100,נהרייה,,5,False
2025,12,3,s_9100,נהרייה,64.13046296296295,10,False
2025,12,6,s_9100,נהרייה,61.854341132263656,13,False
2025,12,9,s_9100,נהרייה,62.165477367929654,16,False
2025,12,12,s_9100,נהרייה,64.48760195364878,17,False
2026,12,3,s_9100,נהרייה,74.29606695642039,16,False
2022,12,3,s_7200,נס ציונה,79.15792223029065,15,False
2022,12,6,s_7200,נס ציונה,77.40150341810468,22,False
2022,12,9,s_7200,נס ציונה,74.73576260771955,32,False
2022,12,12,s_7200,נס ציונה,74.79790229645005,38,False
2023,12,3,s_7200,נס ציונה,76.39465249235757,38,False
2023,12,6,s_7200,נס ציונה,73.70109351092017,51,False
2023,12,9,s_7200,נס ציונה,77.83188071116969,54,False
2023,12,12,s_7200,נס ציונה,71.06141156126981,57,False
2024,12,3,s_7200,נס ציונה,71.14569729077007,58,False
2024,12,6,s_7200,נס ציונה,71.4995982079794,51,False
2024,12,9,s_7200,נס ציונה,73.34831163115025,48,False
2024,12,12,s_7200,נס ציונה,73.53308379358113,53,False
2025,12,3,s_7200,נס ציונה,74.78108144318898,49,False
2025,12,6,s_7200,נס ציונה,78.18547914099715,46,False
2025,12,9,s_7200,נס ציונה,73.17434600685438,42,False
2025,12,12,s_7200,נס ציונה,76.18566208940429,48,False
2026,12,3,s_7200,נס ציונה,75.87596236041213,59,False
2022,12,9,s_1061,נצרת עילית,,3,False
2023,12,3,s_1061,נצרת עילית,,4,False
2023,12,6,s_1061,נצרת עילית,,5,False
2023,12,12,s_1061,נצרת עילית,,3,False
2024,12,3,s_1061,נצרת עילית,,4,False
2024,12,9,s_1061,נצרת עילית,,4,False
2024,12,12,s_1061,נצרת עילית,,5,False
2025,12,3,s_1061,נצרת עילית,,4,False
2025,12,6,s_1061,נצרת עילית,,5,False
2025,12,9,s_1061,נצרת עילית,,8,False
2025,12,12,s_1061,נצרת עילית,,8,False
2026,12,3,s_1061,נצרת עילית,66.8586610242183,10,False
2022,12,3,s_2500,נשר,50.85677655677656,12,False
2022,12,6,s_2500,נשר,49.827944711538464,13,False
2022,12,9,s_2500,נשר,46.27668339932127,17,False
2023,12,3,s_2500,נשר,52.147124776962315,25,False
2023,12,6,s_2500,נשר,44.542919403159665,19,False
2023,12,9,s_2500,נשר,49.79159712562118,18,False
2023,12,12,s_2500,נשר,51.897817053447966,26,False
2024,12,3,s_2500,נשר,53.62557638331997,16,False
2024,12,6,s_2500,נשר,51.93807638331997,15,False
2024,12,9,s_2500,נשר,48.61041666666667,13,False
2024,12,12,s_2500,נשר,,7,False
2025,12,3,s_2500,נשר,,6,False
2025,12,6,s_2500,נשר,,6,False
2025,12,9,s_2500,נשר,,5,False
2025,12,12,s_2500,נשר,,5,False
2026,12,3,s_2500,נשר,,6,False
2022,12,6,s_246,נתיבות,,2,False
2023,12,6,s_246,נתיבות,,2,False
2023,12,9,s_246,נתיבות,,4,False
2023,12,12,s_246,נתיבות,,5,False
2024,12,3,s_246,נתיבות,,7,False
2024,12,12,s_246,נתיבות,,3,False
2025,12,3,s_246,נתיבות,,3,False
2025,12,6,s_246,נתיבות,,4,False
2022,12,3,s_7400,נתניה,69.23630067805045,86,False
2022,12,6,s_7400,נתניה,72.3684590873985,105,False
2022,12,9,s_7400,נתניה,72.16819333926476,133,False
2022,12,12,s_7400,נתניה,74.12182952723157,133,False
2023,12,3,s_7400,נתניה,76.95116358923428,177,False
2023,12,6,s_7400,נתניה,77.58588118711347,185,False
2023,12,9,s_7400,נתניה,73.42018603971003,172,False
2023,12,12,s_7400,נתניה,74.38032234122501,190,False
2024,12,3,s_7400,נתניה,73.32660747023317,148,False
2024,12,6,s_7400,נתניה,72.07056138609607,135,False
2024,12,9,s_7400,נתניה,71.56672167521354,131,False
2024,12,12,s_7400,נתניה,71.84902198363683,137,False
2025,12,3,s_7400,נתניה,74.34063015425181,127,False
2025,12,6,s_7400,נתניה,75.45584010762005,135,False
2025,12,9,s_7400,נתניה,77.07104600083305,147,False
2025,12,12,s_7400,נתניה,75.3555526928392,157,False
2026,12,3,s_7400,נתניה,73.36539140698736,192,False
2022,12,3,s_666,עומר,,3,False
2022,12,9,s_666,עומר,,2,False
2023,12,3,s_666,עומר,,2,False
2023,12,6,s_666,עומר,,3,False
2023,12,9,s_666,עומר,,3,False
2023,12,12,s_666,עומר,,5,False
2024,12,6,s_666,עומר,,6,False
2024,12,9,s_666,עומר,,7,False
2024,12,12,s_666,עומר,,7,False
2025,12,6,s_666,עומר,,7,False
2025,12,9,s_666,עומר,,8,False
2025,12,12,s_666,עומר,,7,False
2026,12,3,s_666,עומר,64.9326923076923,10,False
2022,12,9,s_157,עין ורד,,3,False
2024,12,12,s_157,עין ורד,,2,False
2025,12,3,s_157,עין ורד,,3,False
2022,12,3,s_7600,עכו,,3,False
2023,12,3,s_7600,עכו,,2,False
2023,12,12,s_7600,עכו,,5,False
2024,12,3,s_7600,עכו,,5,False
2024,12,12,s_7600,עכו,,3,False
2025,12,3,s_7600,עכו,,3,False
2025,12,6,s_7600,עכו,,5,False
2025,12,12,s_7600,עכו,,5,False
2026,12,3,s_7600,עכו,,5,False
2022,12,3,s_7700,עפולה,51.152253286847056,30,False
2022,12,6,s_7700,עפולה,46.24338845234701,28,False
2022,12,9,s_7700,עפולה,47.01456531729754,36,False
2022,12,12,s_7700,עפולה,42.864139682730666,33,False
2023,12,3,s_7700,עפולה,48.169744559885345,44,False
2023,12,6,s_7700,עפולה,47.22455626162549,54,False
2023,12,9,s_7700,עפולה,46.35310883596886,54,False
2023,12,12,s_7700,עפולה,45.22042082610501,62,False
2024,12,3,s_7700,עפולה,48.423197541935224,46,False
2024,12,6,s_7700,עפולה,46.1186118764784,52,False
2024,12,9,s_7700,עפולה,46.279719621189685,57,False
2024,12,12,s_7700,עפולה,55.09210675018865,61,False
2025,12,3,s_7700,עפולה,49.277795168306966,78,False
2025,12,6,s_7700,עפולה,48.14895461805109,71,False
2025,12,9,s_7700,עפולה,48.335957803420094,73,False
2025,12,12,s_7700,עפולה,44.58003214793574,71,False
2026,12,3,s_7700,עפולה,46.88111664001245,65,False
2022,12,9,s_1745,פארק תעשיות עמק חפר,,2,False
2023,12,3,s_1745,פארק תעשיות עמק חפר,,3,False
2023,12,6,s_1745,פארק תעשיות עמק חפר,,4,False
2023,12,9,s_1745,פארק תעשיות עמק חפר,,4,False
2023,12,12,s_1745,פארק תעשיות עמק חפר,,5,False
2024,12,3,s_1745,פארק תעשיות עמק חפר,,7,False
2025,12,3,s_1745,פארק תעשיות עמק חפר,,1,False
2025,12,12,s_1745,פארק תעשיות עמק חפר,,2,False
2026,12,3,s_1745,פארק תעשיות עמק חפר,,2,False
2022,12,3,s_7800,פרדס חנה-כרכור,,5,False
2022,12,6,s_7800,פרדס חנה-כרכור,,4,False
2022,12,9,s_7800,פרדס חנה-כרכור,,6,False
2022,12,12,s_7800,פרדס חנה-כרכור,,7,False
2023,12,3,s_7800,פרדס חנה-כרכור,,9,False
2023,12,6,s_7800,פרדס חנה-כרכור,71.95847987295356,11,False
2023,12,9,s_7800,פרדס חנה-כרכור,76.77372175253367,13,False
2023,12,12,s_7800,פרדס חנה-כרכור,88.89087861527877,15,False
2024,12,3,s_7800,פרדס חנה-כרכור,84.09299136321195,13,False
2024,12,9,s_7800,פרדס חנה-כרכור,,7,False
2024,12,12,s_7800,פרדס חנה-כרכור,,5,False
2025,12,3,s_7800,פרדס חנה-כרכור,,3,False
2025,12,12,s_7800,פרדס חנה-כרכור,,5,False
2026,12,3,s_7800,פרדס חנה-כרכור,,8,False
2022,12,3,s_7900,פתח תקווה,59.13228268613813,136,False
2022,12,6,s_7900,פתח תקווה,61.69637956859978,133,False
2022,12,9,s_7900,פתח תקווה,61.86182569285776,168,False
2022,12,12,s_7900,פתח תקווה,63.96491377125112,149,False
2023,12,3,s_7900,פתח תקווה,63.331037360018826,201,False
2023,12,6,s_7900,פתח תקווה,67.32178940650579,236,False
2023,12,9,s_7900,פתח תקווה,63.74000519380814,226,False
2023,12,12,s_7900,פתח תקווה,65.1931053476691,269,False
2024,12,3,s_7900,פתח תקווה,66.24752067404489,250,False
2024,12,6,s_7900,פתח תקווה,60.721188825457205,253,False
2024,12,9,s_7900,פתח תקווה,64.41442824877278,276,False
2024,12,12,s_7900,פתח תקווה,60.26383353784506,263,False
2025,12,3,s_7900,פתח תקווה,63.29341493880443,261,False
2025,12,6,s_7900,פתח תקווה,65.43831519791716,252,False
2025,12,9,s_7900,פתח תקווה,66.95090804456756,264,False
2025,12,12,s_7900,פתח תקווה,65.48247184378826,299,False
2026,12,3,s_7900,פתח תקווה,69.2167843215684,440,False
2022,12,3,s_195,קדימה-צורן,,6,False
2023,12,3,s_195,קדימה-צורן,,1,False
2023,12,6,s_195,קדימה-צורן,,3,False
2023,12,9,s_195,קדימה-צורן,,4,False
2023,12,12,s_195,קדימה-צורן,,6,False
2024,12,3,s_195,קדימה-צורן,,6,False
2024,12,6,s_195,קדימה-צורן,,5,False
2024,12,12,s_195,קדימה-צורן,,3,False
2025,12,12,s_195,קדימה-צורן,,1,False
2026,12,3,s_195,קדימה-צורן,,2,False
2022,12,3,s_1167,קיסריה,64.08655594405595,15,False
2022,12,6,s_1167,קיסריה,66.47565850815852,16,False
2022,12,9,s_1167,קיסריה,65.40596153846154,17,False
2023,12,3,s_1167,קיסריה,66.21969696969695,11,False
2023,12,6,s_1167,קיסריה,,9,False
2023,12,9,s_1167,קיסריה,68.87636363636364,12,False
2023,12,12,s_1167,קיסריה,69.31636363636363,13,False
2024,12,3,s_1167,קיסריה,71.63813921570136,12,False
2024,12,6,s_1167,קיסריה,65.6844925133731,15,False
2024,12,9,s_1167,קיסריה,68.22434048634608,14,False
2024,12,12,s_1167,קיסריה,70.72923318960834,17,False
2025,12,3,s_1167,קיסריה,66.92976138016898,15,False
2025,12,6,s_1167,קיסריה,69.80756666069705,14,False
2025,12,9,s_1167,קיסריה,61.725870948896144,11,False
2025,12,12,s_1167,קיסריה,66.84256349547998,14,False
2026,12,3,s_1167,קיסריה,66.45729779499689,20,False
2022,12,9,s_2620,קריית אונו,,2,False
2023,12,3,s_2620,קריית אונו,,4,False
2023,12,6,s_2620,קריית אונו,,5,False
2023,12,9,s_2620,קריית אונו,,7,False
2023,12,12,s_2620,קריית אונו,94.35963855421687,11,False
2024,12,3,s_2620,קריית אונו,90.72564102564102,11,False
2025,12,9,s_2620,קריית אונו,,3,False
2025,12,12,s_2620,קריית אונו,,7,False
2026,12,3,s_2620,קריית אונו,,9,False
2022,12,3,s_6800,קריית אתא,,8,False
2022,12,6,s_6800,קריית אתא,,7,False
2022,12,9,s_6800,קריית אתא,,9,False
2022,12,12,s_6800,קריית אתא,53.391407342657345,15,False
2023,12,3,s_6800,קריית אתא,60.73996503496504,17,False
2023,12,6,s_6800,קריית אתא,55.30887529137529,20,False
2023,12,9,s_6800,קריית אתא,57.6724358974359,17,False
2023,12,12,s_6800,קריית אתא,68.8483924104351,19,False
2024,12,3,s_6800,קריית אתא,57.67188557580631,15,False
2024,12,6,s_6800,קריית אתא,65.8777806061491,16,False
2024,12,9,s_6800,קריית אתא,51.1476840650451,15,False
2024,12,12,s_6800,קריית אתא,,8,False
2025,12,3,s_6800,קריית אתא,,9,False
2025,12,6,s_6800,קריית אתא,,8,False
2025,12,9,s_6800,קריית אתא,76.49326388888889,10,False
2025,12,12,s_6800,קריית אתא,73.24986950549452,16,False
2026,12,3,s_6800,קריית אתא,67.45979569042069,21,False
2022,12,3,s_9500,קריית ביאליק,50.36458125208125,19,False
2022,12,6,s_9500,קריית ביאליק,50.96632788507789,24,False
2022,12,9,s_9500,קריית ביאליק,56.876271818459315,27,False
2022,12,12,s_9500,קריית ביאליק,43.17313537157287,23,True
2023,12,3,s_9500,קריית ביאליק,51.497422889610384,26,False
2023,12,6,s_9500,קריית ביאליק,58.02473497146793,20,False
2023,12,9,s_9500,קריית ביאליק,61.30342138921684,18,False
2023,12,12,s_9500,קריית ביאליק,59.72068851536555,25,False
2024,12,3,s_9500,קריית ביאליק,62.645259638022786,24,False
2024,12,6,s_9500,קריית ביאליק,69.2542506470138,25,False
2024,12,9,s_9500,קריית ביאליק,72.97647286923602,24,False
2024,12,12,s_9500,קריית ביאליק,61.23619784686858,17,False
2025,12,3,s_9500,קריית ביאליק,80.99700203252034,11,True
2025,12,6,s_9500,קריית ביאליק,65.69926125703566,11,False
2025,12,9,s_9500,קריית ביאליק,69.0343803046547,23,False
2025,12,12,s_9500,קריית ביאליק,60.74735490119637,25,False
2026,12,3,s_9500,קריית ביאליק,58.44698756888273,27,False
2022,12,3,s_2630,קריית גת,,3,False
2022,12,9,s_2630,קריית גת,,4,False
2023,12,3,s_2630,קריית גת,,4,False
2023,12,6,s_2630,קריית גת,,5,False
2023,12,9,s_2630,קריית גת,,6,False
2023,12,12,s_2630,קריית גת,,9,False
2024,12,3,s_2630,קריית גת,,7,False
2024,12,6,s_2630,קריית גת,,8,False
2024,12,12,s_2630,קריית גת,74.18414918414918,10,False
2025,12,3,s_2630,קריית גת,67.03350815850816,10,False
2025,12,6,s_2630,קריית גת,,9,False
2025,12,9,s_2630,קריית גת,59.707750582750585,12,False
2025,12,12,s_2630,קריית גת,,9,False
2026,12,3,s_2630,קריית גת,62.68131977671452,11,False
2022,12,3,s_9600,קריית ים,,1,False
2023,12,3,s_9600,קריית ים,,1,False
2023,12,9,s_9600,קריית ים,,2,False
2024,12,12,s_9600,קריית ים,,1,False
2025,12,3,s_9600,קריית ים,,2,False
2025,12,6,s_9600,קריית ים,,3,False
2022,12,3,s_8200,קריית מוצקין,,8,False
2022,12,6,s_8200,קריית מוצקין,,9,False
2022,12,9,s_8200,קריית מוצקין,71.89122377622377,12,False
2022,12,12,s_8200,קריית מוצקין,75.11224941724942,16,False
2023,12,3,s_8200,קריית מוצקין,72.56953399443366,26,False
2023,12,6,s_8200,קריית מוצקין,77.49776017182371,34,False
2023,12,9,s_8200,קריית מוצקין,73.5226519947089,35,False
2023,12,12,s_8200,קריית מוצקין,63.29561947438369,41,False
2024,12,3,s_8200,קריית מוצקין,67.27025009358712,35,False
2024,12,6,s_8200,קריית מוצקין,61.540066766812885,30,False
2024,12,9,s_8200,קריית מוצקין,60.35439295552931,26,False
2024,12,12,s_8200,קריית מוצקין,66.90023423827945,19,False
2025,12,3,s_8200,קריית מוצקין,71.78197282070231,19,False
2025,12,6,s_8200,קריית מוצקין,72.07651169453108,20,False
2025,12,9,s_8200,קריית מוצקין,68.96939128178444,28,False
2025,12,12,s_8200,קריית מוצקין,79.31852779981725,32,False
2026,12,3,s_8200,קריית מוצקין,77.66914299533644,50,False
2022,12,6,s_2300,קרית טבעון,,2,False
2023,12,3,s_2300,קרית טבעון,,5,False
2023,12,6,s_2300,קרית טבעון,,4,False
2023,12,12,s_2300,קרית טבעון,,5,False
2024,12,9,s_2300,קרית טבעון,,2,False
2024,12,12,s_2300,קרית טבעון,,4,False
2025,12,3,s_2300,קרית טבעון,,5,False
2026,12,3,s_2300,קרית טבעון,,2,False
2023,12,3,s_1746,קרית תעופה,,2,False
2023,12,6,s_1746,קרית תעופה,,3,False
2023,12,9,s_1746,קרית תעופה,,6,False
2023,12,12,s_1746,קרית תעופה,,9,False
2024,12,3,s_1746,קרית תעופה,,8,False
2024,12,6,s_1746,קרית תעופה,,9,False
2024,12,9,s_1746,קרית תעופה,,7,False
2024,12,12,s_1746,קרית תעופה,,7,False
2025,12,12,s_1746,קרית תעופה,,1,False
2022,12,6,s_2640,ראש העין,,9,False
2022,12,9,s_2640,ראש העין,,6,False
2023,12,3,s_2640,ראש העין,53.55319865319865,24,False
2023,12,6,s_2640,ראש העין,55.00644841269841,22,False
2023,12,9,s_2640,ראש העין,51.6759190009337,25,False
2023,12,12,s_2640,ראש העין,52.50526353874883,39,False
2024,12,3,s_2640,ראש העין,48.37121222048141,28,False
2024,12,6,s_2640,ראש העין,52.1773260219342,27,False
2024,12,9,s_2640,ראש העין,47.705400776836164,26,False
2024,12,12,s_2640,ראש העין,53.05861419832091,28,False
2025,12,3,s_2640,ראש העין,57.164281420145194,23,False
2025,12,6,s_2640,ראש העין,46.63415321501699,25,False
2025,12,9,s_2640,ראש העין,54.335202894504164,27,False
2025,12,12,s_2640,ראש העין,49.5747557997558,18,False
2026,12,3,s_2640,ראש העין,52.25309641313088,38,False
2022,12,3,s_8300,ראשון לציון,65.3158100535379,76,False
2022,12,6,s_8300,ראשון לציון,69.28005459340977,78,False
2022,12,9,s_8300,ראשון לציון,66.45280708209967,91,False
2022,12,12,s_8300,ראשון לציון,62.300544533559396,93,False
2023,12,3,s_8300,ראשון לציון,68.52925830576746,114,False
2023,12,6,s_8300,ראשון לציון,69.50209040926066,131,False
2023,12,9,s_8300,ראשון לציון,69.12560983198503,152,False
2023,12,12,s_8300,ראשון לציון,72.05390259374076,164,False
2024,12,3,s_8300,ראשון לציון,70.31315134813576,148,False
2024,12,6,s_8300,ראשון לציון,67.77090265244,151,False
2024,12,9,s_8300,ראשון לציון,66.91910293897499,138,False
2024,12,12,s_8300,ראשון לציון,68.04539134307876,135,False
2025,12,3,s_8300,ראשון לציון,66.41357023128539,147,False
2025,12,6,s_8300,ראשון לציון,64.90218011248474,150,False
2025,12,9,s_8300,ראשון לציון,68.85724744685008,156,False
2025,12,12,s_8300,ראשון לציון,67.37166080739664,181,False
2026,12,3,s_8300,ראשון לציון,65.37587997600349,202,False
2022,12,3,s_8400,רחובות,61.63336624350559,89,False
2022,12,6,s_8400,רחובות,62.58223682130431,81,False
2022,12,9,s_8400,רחובות,60.307071755986726,94,False
2022,12,12,s_8400,רחובות,63.6297100201679,83,False
2023,12,3,s_8400,רחובות,63.258681371849896,97,False
2023,12,6,s_8400,רחובות,64.67873821681084,107,False
2023,12,9,s_8400,רחובות,61.51331311315691,101,False
2023,12,12,s_8400,רחובות,62.09995877911861,126,False
2024,12,3,s_8400,רחובות,61.02960832493968,106,False
2024,12,6,s_8400,רחובות,64.93296717933038,108,False
2024,12,9,s_8400,רחובות,64.22644221694675,103,False
2024,12,12,s_8400,רחובות,64.43810494366205,96,False
2025,12,3,s_8400,רחובות,62.697850455885636,106,False
2025,12,6,s_8400,רחובות,64.25909574994733,100,False
2025,12,9,s_8400,רחובות,63.51697069323066,99,False
2025,12,12,s_8400,רחובות,63.22441430414175,124,False
2026,12,3,s_8400,רחובות,64.49246731063248,131,False
2022,12,3,s_8500,רמלה,,3,False
2022,12,6,s_8500,רמלה,,4,False
2022,12,9,s_8500,רמלה,,3,False
2023,12,3,s_8500,רמלה,,3,False
2023,12,12,s_8500,רמלה,,2,False
2024,12,3,s_8500,רמלה,,2,False
2024,12,6,s_8500,רמלה,,3,False
2024,12,9,s_8500,רמלה,,5,False
2025,12,6,s_8500,רמלה,,3,False
2025,12,12,s_8500,רמלה,,6,False
2026,12,3,s_8500,רמלה,,7,False
2022,12,3,s_8600,רמת גן,75.66644576632186,254,False
2022,12,6,s_8600,רמת גן,80.00545750256607,265,False
2022,12,9,s_8600,רמת גן,81.18494791347388,312,False
2022,12,12,s_8600,רמת גן,82.18195174027899,273,False
2023,12,3,s_8600,רמת גן,84.57331078788742,327,False
2023,12,6,s_8600,רמת גן,83.61213156884351,304,False
2023,12,9,s_8600,רמת גן,79.41649429128533,238,False
2023,12,12,s_8600,רמת גן,82.87580256915547,313,False
2024,12,3,s_8600,רמת גן,78.32070619032768,247,False
2024,12,6,s_8600,רמת גן,82.2673431959087,251,False
2024,12,9,s_8600,רמת גן,84.25178491197744,280,False
2024,12,12,s_8600,רמת גן,84.17694927138164,258,False
2025,12,3,s_8600,רמת גן,85.99875658471692,287,False
2025,12,6,s_8600,רמת גן,82.05837691819065,299,False
2025,12,9,s_8600,רמת גן,82.05707355741058,358,False
2025,12,12,s_8600,רמת גן,85.25577900758361,368,False
2026,12,3,s_8600,רמת גן,82.87186440269217,439,False
2022,12,3,s_2650,רמת השרון,92.793973806151,12,True
2022,12,6,s_2650,רמת השרון,82.09735896742373,15,False
2022,12,9,s_2650,רמת השרון,92.51565364196843,21,False
2022,12,12,s_2650,רמת השרון,104.96834263561237,16,False
2023,12,3,s_2650,רמת השרון,92.57972156935698,41,False
2023,12,6,s_2650,רמת השרון,84.49749026984085,44,False
2023,12,9,s_2650,רמת השרון,87.15753637077042,41,False
2023,12,12,s_2650,רמת השרון,83.31486374194914,52,False
2024,12,3,s_2650,רמת השרון,88.08738804727803,31,False
2024,12,6,s_2650,רמת השרון,92.50589699539103,34,False
2024,12,9,s_2650,רמת השרון,90.73494019562477,34,False
2024,12,12,s_2650,רמת השרון,102.62437568206266,23,False
2025,12,3,s_2650,רמת השרון,93.32187581170564,22,False
2025,12,6,s_2650,רמת השרון,101.1937556839378,13,False
2025,12,9,s_2650,רמת השרון,91.58213154944904,14,False
2025,12,12,s_2650,רמת השרון,90.76583896522168,16,False
2026,12,3,s_2650,רמת השרון,84.08250732475224,15,False
2022,12,3,s_122,רמת ישי,,3,False
2022,12,6,s_122,רמת ישי,,4,False
2022,12,9,s_122,רמת ישי,,5,False
2023,12,3,s_122,רמת ישי,,9,False
2024,12,3,s_122,רמת ישי,,3,False
2024,12,6,s_122,רמת ישי,,5,False
2024,12,9,s_122,רמת ישי,,7,False
2024,12,12,s_122,רמת ישי,78.54039351851851,15,False
2025,12,3,s_122,רמת ישי,65.415625,15,False
2025,12,6,s_122,רמת ישי,60.00745506535948,14,False
2025,12,9,s_122,רמת ישי,58.968705838191134,14,False
2025,12,12,s_122,רמת ישי,,8,False
2026,12,3,s_122,רמת ישי,62.47367860258355,12,False
2022,12,3,s_8700,רעננה,66.53949002854141,61,False
2022,12,6,s_8700,רעננה,80.18475608397279,48,False
2022,12,9,s_8700,רעננה,60.35590663075956,47,True
2022,12,12,s_8700,רעננה,56.63410665276277,41,False
2023,12,3,s_8700,רעננה,66.10878227045885,55,False
2023,12,6,s_8700,רעננה,71.43420980486347,60,False
2023,12,9,s_8700,רעננה,63.96431794964188,67,False
2023,12,12,s_8700,רעננה,64.73223599836092,73,False
2024,12,3,s_8700,רעננה,62.92382114943875,47,False
2024,12,6,s_8700,רעננה,63.061328231623264,55,False
2024,12,9,s_8700,רעננה,72.85014972912434,41,False
2024,12,12,s_8700,רעננה,67.2248462782038,47,False
2025,12,3,s_8700,רעננה,71.3015732949229,58,False
2025,12,6,s_8700,רעננה,76.32783996799726,48,False
2025,12,9,s_8700,רעננה,80.30067367081571,63,False
2025,12,12,s_8700,רעננה,75.73894373481238,82,False
2026,12,3,s_8700,רעננה,78.12657201737711,92,False
2022,12,6,s_1165,שילת,,3,False
2022,12,9,s_1165,שילת,,4,False
2023,12,9,s_1165,שילת,,1,False
2024,12,3,s_1165,שילת,,3,False
2025,12,3,s_1165,שילת,,1,False
2026,12,3,s_1165,שילת,,5,False
2022,12,3,s_5000,תל אביב -יפו,83.02995352299276,611,False
2022,12,6,s_5000,תל אביב -יפו,85.41929879275399,626,False
2022,12,9,s_5000,תל אביב -יפו,89.83516791905846,710,False
2022,12,12,s_5000,תל אביב -יפו,97.8969607537349,648,False
2023,12,3,s_5000,תל אביב -יפו,95.29111785937744,713,False
2023,12,6,s_5000,תל אביב -יפו,93.93709076018582,835,False
2023,12,9,s_5000,תל אביב -יפו,94.04530721455511,843,False
2023,12,12,s_5000,תל אביב -יפו,94.40831938568758,901,False
2024,12,3,s_5000,תל אביב -יפו,90.7913962726089,885,False
2024,12,6,s_5000,תל אביב -יפו,92.88402574707032,802,False
2024,12,9,s_5000,תל אביב -יפו,91.26087023544132,790,False
2024,12,12,s_5000,תל אביב -יפו,92.78320005848983,871,False
2025,12,3,s_5000,תל אביב -יפו,92.9498927677177,906,False
2025,12,6,s_5000,תל אביב -יפו,92.25947633806769,926,False
2025,12,9,s_5000,תל אביב -יפו,91.81161036916949,1020,False
2025,12,12,s_5000,תל אביב -יפו,92.71061301706592,1035,False
2026,12,3,s_5000,תל אביב -יפו,90.82889835531056,1107,False
